Rk,Player,Pos,Age,Tm,G,GS,MP,FG,FGA,FG%,3P,3PA,3P%,2P,2PA,2P%,FT,FTA,FT%,ORB,DRB,TRB,AST,STL,BLK,TOV,PF,PTS,,ORtg,DRtg
1,Kareem Abdul-Jabbar*\abdulka01,C,32,LAL,82,,3143,12.3,20.3,.604,0.0,0.0,.000,12.3,20.3,.604,5.3,7.0,.765,2.8,10.2,13.0,5.4,1.2,4.1,4.4,3.2,29.8,,118,100
2,Tom Abernethy\abernto01,PF,25,GSW,67,,1222,6.0,12.4,.481,0.0,0.0,.000,6.0,12.4,.483,2.2,3.2,.683,2.4,5.0,7.5,3.4,1.4,0.5,1.5,4.6,14.1,,109,108
3,Alvan Adams\adamsal01,C,25,PHO,75,,2168,9.8,18.5,.531,0.0,0.0,.000,9.8,18.4,.533,4.0,5.0,.797,3.3,9.5,12.9,6.8,2.3,1.2,4.6,5.0,23.6,,107,99
4,Tiny Archibald*\architi01,PG,31,BOS,80,80,2864,6.3,13.0,.482,0.1,0.3,.222,6.2,12.7,.488,5.9,7.1,.830,1.0,2.3,3.2,11.0,1.7,0.2,4.0,3.6,18.5,,115,105
5,Dennis Awtrey\awtrede01,C,31,CHI,26,,560,2.3,5.0,.450,0.0,0.0,,2.3,5.0,.450,2.7,4.2,.640,2.4,7.2,9.7,3.4,1.0,1.3,2.3,5.6,7.2,,102,107
6,Gus Bailey\bailegu01,SG,28,WSB,20,,180,4.2,9.1,.457,0.3,0.3,1.000,3.9,8.8,.441,1.3,3.4,.385,1.6,5.7,7.3,6.8,1.8,1.0,2.9,4.7,9.9,,95,105
7,James Bailey\baileja01,PF,22,SEA,67,,726,7.9,17.6,.450,0.0,0.0,,7.9,17.6,.450,4.4,6.6,.673,4.6,8.2,12.8,1.8,1.4,3.5,5.1,7.5,20.3,,93,98
8,Greg Ballard\ballagr01,SF,25,WSB,82,,2438,10.5,21.1,.495,0.3,0.9,.340,10.1,20.2,.502,3.3,4.4,.753,4.6,7.6,12.2,3.1,1.7,0.7,2.6,3.8,24.5,,110,104
9,Mike Bantom\bantomi01,SF,28,IND,77,,2330,7.6,15.0,.505,0.0,0.1,.333,7.6,14.9,.506,2.7,4.1,.665,3.8,5.2,9.0,5.5,1.7,1.0,3.7,5.3,17.9,,105,107
10,Marvin Barnes\barnema01,PF,27,SDC,20,,287,4.0,9.9,.400,0.0,0.0,,4.0,9.9,.400,2.6,5.3,.500,5.6,7.1,12.7,3.0,0.8,2.0,3.0,8.6,10.6,,95,109
11,Rick Barry*\barryri01,SF,35,HOU,72,,1816,8.5,20.1,.422,1.9,5.8,.330,6.6,14.4,.458,3.7,4.0,.935,1.4,4.8,6.2,7.0,2.1,0.7,4.0,4.8,22.6,,106,108
12,Tim Bassett\basseti01,PF,28,TOT,12,,164,3.3,9.3,.353,0.0,0.0,,3.3,9.3,.353,2.7,4.1,.667,3.0,6.0,9.0,3.8,2.2,0.0,2.4,7.3,9.3,,92,105
12,Tim Bassett\basseti01,PF,28,NJN,7,,92,3.9,10.8,.364,0.0,0.0,,3.9,10.8,.364,3.9,5.9,.667,3.4,5.4,8.9,2.0,2.5,0.0,2.0,6.9,11.8,,97,103
12,Tim Bassett\basseti01,PF,28,SAS,5,,72,2.4,7.3,.333,0.0,0.0,,2.4,7.3,.333,1.2,1.8,.667,2.4,6.7,9.1,6.1,1.8,0.0,3.0,7.9,6.1,,86,109
13,Billy Ray Bates\batesbi01,SG,23,POR,16,,235,14.9,30.3,.493,1.7,3.9,.421,13.3,26.3,.504,5.8,8.1,.718,2.7,3.3,6.0,6.4,2.9,0.4,4.1,5.4,37.3,,112,104
14,Ron Behagen\behagro01,PF,29,WSB,6,,64,6.6,16.8,.391,0.0,0.0,,6.6,16.8,.391,3.7,4.4,.833,4.4,5.8,10.2,5.1,0.0,2.9,2.9,10.2,16.8,,99,107
15,Kent Benson\bensoke01,C,25,TOT,73,,1891,7.3,15.1,.484,0.0,0.1,.200,7.3,15.0,.486,2.4,3.5,.702,3.1,8.0,11.1,4.4,1.8,2.3,3.8,6.0,17.1,,99,102
15,Kent Benson\bensoke01,C,25,MIL,56,,1389,7.2,14.5,.494,0.0,0.0,.000,7.2,14.5,.495,2.2,3.3,.680,3.2,8.0,11.2,4.3,1.8,2.5,3.6,6.0,16.6,,101,100
15,Kent Benson\bensoke01,C,25,DET,17,,502,7.7,16.7,.460,0.1,0.4,.250,7.6,16.3,.464,2.9,3.9,.750,2.7,8.0,10.7,4.6,1.7,1.6,4.6,6.1,18.4,,94,107
16,Del Beshore\beshode01,PG,23,CHI,68,,869,4.8,13.6,.352,0.5,1.4,.385,4.2,12.1,.348,3.1,4.7,.667,0.9,2.5,3.4,7.5,3.1,0.3,5.6,5.7,13.2,,80,107
17,Henry Bibby\bibbyhe01,PG,30,PHI,82,,2035,5.7,14.3,.401,0.3,1.2,.212,5.5,13.1,.418,5.2,6.5,.790,1.5,3.3,4.8,7.0,1.4,0.1,3.4,3.7,16.9,,102,105
18,Larry Bird*\birdla01,PF,23,BOS,82,82,2955,11.0,23.2,.474,0.9,2.3,.406,10.1,20.9,.481,4.8,5.7,.836,3.4,10.1,13.5,5.9,2.3,0.8,4.2,4.4,27.6,,109,98
19,Otis Birdsong\birdsot01,SG,24,KCK,82,,2885,12.6,24.9,.505,0.2,0.6,.278,12.4,24.3,.511,4.6,6.6,.694,2.7,2.6,5.3,3.3,2.2,0.4,2.9,3.6,30.0,,108,103
20,Ron Boone\boonero01,SG,33,TOT,81,,2392,8.3,18.8,.443,0.4,1.0,.380,7.9,17.7,.446,3.6,4.0,.893,1.1,3.5,4.7,6.3,2.0,0.1,4.0,4.8,20.6,,98,112
20,Ron Boone\boonero01,SG,33,LAL,6,,106,6.1,17.4,.350,0.0,0.0,,6.1,17.4,.350,2.6,3.0,.857,1.7,3.0,4.8,3.0,2.2,0.0,5.7,5.7,14.8,,74,106
20,Ron Boone\boonero01,SG,33,UTA,75,,2286,8.4,18.8,.447,0.4,1.1,.380,8.0,17.8,.451,3.6,4.1,.894,1.1,3.6,4.6,6.5,2.0,0.1,4.0,4.7,20.9,,99,112
21,Lawrence Boston\bostola01,PF,23,WSB,13,,125,9.0,19.5,.462,0.0,0.0,,9.0,19.5,.462,3.0,4.9,.615,7.1,7.5,14.6,0.7,1.5,0.7,3.0,9.4,21.0,,100,105
22,Tom Boswell\bosweto01,PF,26,TOT,79,,2077,8.1,14.3,.564,0.1,0.2,.500,7.9,14.1,.566,4.8,6.4,.755,3.4,6.9,10.3,3.8,0.7,0.9,4.2,6.3,21.0,,110,111
22,Tom Boswell\bosweto01,PF,26,DEN,18,,522,6.4,11.9,.533,0.1,0.2,.500,6.3,11.8,.534,5.1,6.2,.829,3.5,6.5,10.1,4.1,0.4,0.7,3.5,5.0,18.0,,114,110
22,Tom Boswell\bosweto01,PF,26,UTA,61,,1555,8.7,15.1,.573,0.1,0.3,.500,8.5,14.9,.574,4.7,6.4,.729,3.4,7.0,10.4,3.6,0.8,0.9,4.5,6.8,22.1,,108,111
23,Winford Boynes\boynewi01,SG,22,NJN,64,,1102,9.1,19.2,.473,0.0,0.2,.000,9.1,19.0,.477,4.3,5.6,.765,2.1,3.4,5.5,3.9,2.4,0.8,3.9,5.4,22.4,,99,104
24,Alonzo Bradley\bradlal01,SF,26,HOU,22,,96,8.4,23.7,.354,0.5,0.5,1.000,7.9,23.2,.340,3.0,4.4,.667,1.0,2.0,3.0,1.5,1.5,0.0,4.0,4.4,20.3,,81,112
25,Dudley Bradley\bradldu01,SG,22,IND,82,,2027,6.2,13.8,.452,0.0,0.1,.400,6.2,13.7,.452,3.1,3.9,.782,1.6,3.5,5.1,5.7,4.8,1.1,3.8,4.4,15.6,,98,102
26,Mike Bratz\bratzmi01,PG,24,PHO,82,,1589,7.8,19.8,.392,0.6,2.5,.244,7.1,17.3,.413,4.1,4.7,.870,1.4,3.4,4.8,6.4,2.7,0.3,3.9,4.8,20.2,,94,103
27,Jim Brewer\breweji01,PF,28,POR,67,,1016,4.3,8.8,.489,0.0,0.2,.000,4.3,8.6,.503,0.7,1.4,.483,4.8,7.5,12.3,3.6,2.0,2.1,2.3,6.2,9.3,,105,102
28,Ron Brewer\brewero01,SG,24,POR,82,,2815,9.5,20.4,.464,0.1,0.6,.188,9.4,19.9,.471,3.2,3.8,.840,0.9,2.8,3.7,3.7,1.7,0.8,2.9,2.7,22.2,,103,107
29,Junior Bridgeman\bridgju01,SF,26,MIL,81,,2316,12.0,25.1,.478,0.1,0.5,.185,11.9,24.6,.484,4.7,5.4,.865,2.1,4.0,6.1,4.8,1.9,0.4,3.5,4.4,28.8,,107,105
30,Allan Bristow\bristal01,SF,28,UTA,82,,2304,8.0,16.8,.480,0.0,0.1,.286,8.0,16.6,.482,4.2,5.2,.811,3.6,7.3,10.9,7.3,1.9,0.1,3.8,4.5,20.3,,108,110
31,Fred Brown\brownfr01,SG,31,SEA,80,,1701,11.2,23.4,.479,1.1,2.4,.443,10.1,20.9,.483,3.1,3.7,.837,1.0,3.3,4.3,4.8,1.8,0.5,2.9,3.2,26.6,,109,104
32,John Brown\brownjo01,SF,28,TOT,32,,385,4.7,13.2,.352,0.0,0.0,,4.7,13.2,.352,4.8,6.1,.792,3.3,5.7,9.0,2.3,0.4,0.5,3.7,8.8,14.1,,90,106
32,John Brown\brownjo01,SF,28,UTA,4,,24,0.0,14.3,.000,0.0,0.0,,0.0,14.3,.000,8.2,8.2,1.000,10.2,8.2,18.4,8.2,0.0,0.0,10.2,8.2,8.2,,63,113
32,John Brown\brownjo01,SF,28,ATL,28,,361,5.0,13.2,.378,0.0,0.0,,5.0,13.2,.378,4.6,5.9,.773,2.8,5.5,8.3,1.9,0.4,0.5,3.2,8.9,14.5,,94,106
33,Roger Brown\brownro02,C,29,CHI,4,,37,1.3,3.8,.333,0.0,0.0,,1.3,3.8,.333,0.0,0.0,,2.5,10.2,12.7,1.3,0.0,3.8,0.0,5.1,2.5,,111,105
34,Joe Bryant\bryanjo01,PF,25,SDC,81,,2328,6.0,13.9,.431,0.1,0.7,.147,5.9,13.2,.446,3.3,4.4,.742,3.5,7.0,10.5,2.9,2.1,0.8,3.5,5.2,15.3,,97,108
35,Quinn Buckner\bucknqu01,PG,25,MIL,67,,1690,8.5,18.2,.467,0.1,0.1,.400,8.4,18.0,.468,2.9,4.0,.734,1.9,4.7,6.6,10.6,3.7,0.1,4.1,5.6,19.9,,105,101
36,Tom Burleson\burleto01,C,27,KCK,37,,272,6.2,17.8,.346,0.0,0.5,.000,6.2,17.3,.356,3.9,6.8,.575,3.9,8.4,12.3,3.4,1.4,2.2,4.3,8.4,16.2,,82,99
37,Don Buse\busedo01,PG,29,PHO,81,,2499,4.8,10.8,.443,0.3,1.4,.241,4.4,9.3,.475,1.6,2.3,.664,1.3,3.0,4.3,5.9,2.4,0.2,1.7,2.0,11.5,,106,104
38,Marty Byrnes\byrnema01,SF,23,LAL,32,,194,5.9,11.9,.500,0.0,0.0,,5.9,11.9,.500,3.1,3.6,.867,2.1,4.3,6.4,3.1,1.2,0.2,5.2,7.6,15.0,,91,107
39,Corky Calhoun\calhoco01,SF,29,IND,7,,30,6.1,13.8,.444,0.0,0.0,,6.1,13.8,.444,0.0,3.1,.000,10.7,4.6,15.3,0.0,3.1,0.0,1.5,9.2,12.3,,101,105
40,Mack Calvin\calvima01,PG,32,UTA,48,,772,6.4,14.5,.441,0.1,0.7,.091,6.3,13.8,.458,6.7,7.5,.897,0.8,4.5,5.4,8.5,1.7,0.0,3.6,4.6,19.5,,110,112
41,Austin Carr\carrau01,SG,31,CLE,77,,1595,11.1,23.9,.465,0.1,0.2,.333,11.1,23.7,.466,3.6,4.9,.738,2.3,2.4,4.7,4.3,1.1,0.1,3.1,3.4,25.9,,103,110
42,Kenny Carr\carrke01,PF,24,TOT,79,,1838,9.3,19.0,.492,0.0,0.1,.000,9.3,18.9,.495,4.3,6.5,.658,4.9,9.6,14.5,1.9,1.6,1.3,3.8,6.1,23.0,,103,103
42,Kenny Carr\carrke01,PF,24,LAL,5,,57,5.7,12.9,.438,0.0,0.0,,5.7,12.9,.438,1.6,1.6,1.000,4.0,9.7,13.8,0.8,1.6,0.8,7.3,4.9,12.9,,72,102
42,Kenny Carr\carrke01,PF,24,CLE,74,,1781,9.5,19.2,.493,0.0,0.1,.000,9.5,19.1,.496,4.4,6.7,.655,4.9,9.6,14.6,1.9,1.6,1.3,3.7,6.1,23.3,,104,103
43,M.L. Carr\carrml01,SF,29,BOS,82,7,1994,8.5,17.9,.474,0.3,1.0,.293,8.2,16.9,.485,4.2,5.7,.739,2.5,5.3,7.7,3.7,2.8,0.8,3.4,5.0,21.4,,105,100
44,Bob Carrington\carribo01,SG,26,SDC,10,,134,5.3,13.1,.405,0.0,0.7,.000,5.3,12.4,.429,2.1,2.8,.750,2.1,2.5,4.6,1.1,1.4,0.4,1.8,6.4,12.7,,95,113
45,Ron Carter\cartero01,SG,23,IND,13,,117,5.9,14.5,.405,0.0,0.0,,5.9,14.5,.405,0.8,2.7,.286,2.0,5.5,7.5,3.5,0.8,1.2,3.9,7.5,12.6,,78,108
46,Bill Cartwright\cartwbi01,C,22,NYK,82,,3150,9.5,17.4,.547,0.0,0.0,,9.5,17.4,.547,6.5,8.1,.797,2.8,7.6,10.4,2.4,0.7,1.4,3.2,4.0,25.5,,117,108
47,Harvey Catchings\catchha01,C,28,MIL,72,,1366,3.3,8.4,.398,0.0,0.0,.000,3.3,8.3,.399,1.3,2.1,.629,5.6,8.4,14.1,2.8,0.8,5.6,2.3,6.6,8.0,,99,100
48,Don Chaney\chanedo01,SG,33,BOS,60,0,523,6.0,16.9,.354,0.1,0.5,.167,5.9,16.4,.361,2.9,3.8,.762,2.8,3.8,6.5,3.4,2.8,1.0,3.0,7.2,14.9,,89,101
49,Maurice Cheeks\cheekma01,PG,23,PHI,79,,2623,6.3,11.7,.540,0.1,0.2,.444,6.3,11.6,.541,3.2,4.1,.779,1.3,3.5,4.9,9.9,3.3,0.6,3.8,3.5,16.0,,111,101
50,Phil Chenier\cheniph01,SG,29,TOT,43,,850,7.4,19.1,.390,0.3,0.7,.417,7.2,18.4,.389,2.7,3.7,.731,1.0,3.2,4.3,4.9,1.8,0.8,3.0,3.0,17.8,,91,108
50,Phil Chenier\cheniph01,SG,29,WSB,20,,470,8.4,21.3,.393,0.3,0.6,.500,8.1,20.7,.389,3.1,4.1,.756,1.0,3.3,4.3,4.2,1.8,0.5,2.9,2.6,20.1,,91,107
50,Phil Chenier\cheniph01,SG,29,IND,23,,380,6.3,16.3,.385,0.2,0.7,.333,6.0,15.6,.388,2.2,3.1,.692,1.1,3.1,4.2,5.7,1.8,1.2,3.1,3.5,15.0,,91,108
51,Jim Chones\choneji01,C,30,LAL,82,,2394,7.2,14.6,.489,0.0,0.0,.000,7.2,14.6,.491,2.4,3.3,.740,2.8,8.1,10.9,2.9,1.1,1.3,3.4,5.2,16.7,,100,104
52,Jim Cleamons\cleamji01,PG,30,TOT,79,,1789,5.6,11.7,.476,0.2,0.8,.226,5.4,10.9,.494,2.2,2.9,.743,1.4,2.6,4.0,7.5,1.5,0.3,2.8,3.5,13.5,,105,109
52,Jim Cleamons\cleamji01,PG,30,NYK,22,,254,5.3,12.2,.435,0.5,1.4,.375,4.8,10.8,.443,2.1,2.7,.800,1.8,1.6,3.4,7.1,2.3,0.4,3.0,2.3,13.3,,103,110
52,Jim Cleamons\cleamji01,PG,30,WSB,57,,1535,5.6,11.6,.483,0.1,0.7,.174,5.5,10.9,.503,2.2,3.0,.735,1.3,2.7,4.1,7.6,1.3,0.3,2.8,3.7,13.5,,106,109
53,Doug Collins\collido01,SG,28,PHI,36,,963,9.2,19.8,.466,0.0,0.0,.000,9.2,19.8,.467,5.5,6.0,.911,1.4,3.1,4.5,4.8,1.5,0.3,4.0,3.7,24.0,,104,105
54,Jeff Cook\cookje01,PF,23,PHO,66,,904,6.5,13.9,.469,0.0,0.2,.000,6.5,13.8,.474,5.3,6.5,.806,4.6,7.6,12.2,4.3,1.4,0.9,3.6,5.2,18.3,,108,102
55,Michael Cooper\coopemi01,SG,23,LAL,82,,1973,7.1,13.5,.524,0.1,0.5,.250,7.0,13.0,.534,2.6,3.3,.776,2.4,3.0,5.4,5.2,2.0,0.9,3.3,5.0,16.9,,108,106
56,Wayne Cooper\coopewa01,PF,23,GSW,79,,1781,9.8,20.1,.489,0.0,0.1,.250,9.8,20.0,.491,3.6,4.9,.751,5.4,8.2,13.6,1.1,0.5,2.1,3.8,6.6,23.4,,102,106
57,Hollis Copeland\copelho01,SF,24,NYK,75,,1142,7.2,14.5,.495,0.0,0.1,.000,7.2,14.4,.497,2.5,3.4,.733,2.8,3.4,6.2,3.2,2.4,1.0,3.3,6.1,16.9,,101,108
58,Dave Corzine\corzida01,C,23,WSB,78,,826,5.1,12.2,.417,0.0,0.0,,5.1,12.2,.417,2.5,3.9,.662,5.9,9.4,15.3,3.6,0.5,1.8,3.4,6.8,12.7,,96,104
59,John Coughran\coughjo01,SF,28,GSW,24,,160,8.7,24.2,.358,0.6,2.7,.222,8.1,21.5,.375,2.4,4.2,.571,0.6,5.1,5.7,3.6,2.1,0.3,3.9,7.2,20.3,,79,107
60,Dave Cowens*\cowenda01,C,31,BOS,66,55,2159,9.1,20.2,.453,0.0,0.3,.083,9.1,19.9,.458,2.1,2.6,.779,2.7,8.8,11.6,4.5,1.5,1.3,2.3,4.7,20.4,,104,100
61,Charlie Criss\crissch01,PG,31,ATL,81,,1794,6.7,15.6,.431,0.0,0.5,.059,6.7,15.2,.442,4.7,5.7,.811,0.7,2.4,3.1,6.7,2.0,0.1,3.5,3.6,18.2,,102,106
62,Terry Crosby\crosbte01,PG,23,KCK,4,,28,3.3,6.6,.500,0.0,0.0,,3.3,6.6,.500,3.3,3.3,1.000,0.0,1.7,1.7,11.6,0.0,0.0,8.3,6.6,10.0,,81,109
63,Pat Cummings\cummipa01,C,23,MIL,71,,900,9.7,19.3,.505,0.0,0.0,,9.7,19.3,.505,4.9,6.4,.764,4.2,8.2,12.4,2.8,1.1,0.9,3.9,7.3,24.4,,107,103
64,Bob Dandridge\dandrbo01,SF,32,WSB,45,,1457,10.6,23.4,.451,0.1,0.4,.182,10.5,23.1,.455,3.9,4.9,.809,2.0,5.9,7.9,5.7,0.9,1.2,3.9,3.6,25.1,,99,107
65,Adrian Dantley*\dantlad01,SF,23,UTA,68,,2674,13.4,23.3,.576,0.0,0.0,.000,13.4,23.3,.577,8.1,9.7,.842,3.4,6.1,9.5,3.5,1.8,0.3,4.3,3.9,35.0,,119,110
66,Brad Davis\davisbr01,PG,24,TOT,18,,268,6.4,11.4,.556,0.0,0.2,.000,6.4,11.3,.565,2.4,2.9,.813,0.7,2.4,3.1,9.1,2.4,0.2,2.5,5.1,15.1,,118,111
66,Brad Davis\davisbr01,PG,24,IND,5,,43,2.1,7.5,.286,0.0,0.0,,2.1,7.5,.286,3.2,4.3,.750,0.0,2.1,2.1,5.3,3.2,0.0,3.2,7.5,7.5,,81,107
66,Brad Davis\davisbr01,PG,24,UTA,13,,225,7.2,12.2,.589,0.0,0.2,.000,7.2,12.0,.600,2.2,2.6,.833,0.9,2.4,3.3,9.8,2.2,0.2,2.4,4.6,16.6,,124,112
67,Harry Davis\davisha01,SF,24,SAS,4,,30,8.8,17.5,.500,0.0,0.0,,8.8,17.5,.500,1.5,2.9,.500,2.9,5.8,8.8,0.0,1.5,0.0,4.4,11.7,19.0,,87,110
68,Johnny Davis\davisjo01,PG,24,IND,82,,2912,7.8,18.3,.428,0.1,0.7,.095,7.8,17.6,.440,4.8,5.6,.864,1.6,2.0,3.6,6.9,1.7,0.4,3.2,2.8,20.5,,106,110
69,Walter Davis\daviswa03,SF,25,PHO,75,,2309,13.0,23.1,.563,0.0,0.1,.000,13.0,23.0,.565,5.9,7.2,.819,1.5,3.9,5.4,6.7,2.3,0.4,4.8,4.0,32.0,,112,104
70,Darryl Dawkins\dawkida01,C,23,PHI,80,,2541,9.1,17.3,.522,0.0,0.1,.000,9.1,17.2,.526,3.5,5.3,.653,3.6,9.1,12.7,2.7,0.9,2.6,4.2,6.0,21.6,,101,100
71,Paul Dawkins\dawkipa01,SF,22,UTA,57,,776,8.9,19.0,.470,0.1,0.3,.200,8.9,18.7,.475,2.1,3.0,.688,2.7,5.3,7.9,4.9,2.1,0.6,4.8,7.1,20.0,,92,110
72,Greg Deane\deanegr01,SG,22,UTA,7,,48,2.0,11.3,.182,1.0,1.0,1.000,1.0,10.2,.100,5.1,7.2,.714,2.0,4.1,6.1,6.1,0.0,0.0,3.1,3.1,10.2,,84,116
73,Larry Demic\demicla01,PF,22,NYK,82,,1872,5.5,12.7,.436,0.0,0.0,,5.5,12.7,.436,2.6,4.4,.601,4.7,6.9,11.6,1.5,1.3,0.7,4.0,7.4,13.7,,89,108
74,Coby Dietrick\dietrco01,C,31,CHI,79,,1830,5.8,12.9,.454,0.0,0.2,.111,5.8,12.6,.460,2.3,3.0,.763,2.6,6.7,9.3,5.6,2.3,1.3,2.9,5.9,14.0,,102,105
75,Leon Douglas\douglle01,C,25,DET,70,,1782,5.6,11.4,.486,0.0,0.0,.000,5.6,11.4,.487,3.1,4.7,.676,4.3,8.3,12.6,3.0,0.8,1.6,3.2,6.3,14.3,,103,109
76,John Drew\drewjo01,SF,25,ATL,80,,2306,11.3,24.9,.453,0.0,0.1,.000,11.3,24.7,.455,10.3,13.6,.757,4.3,5.6,9.9,2.1,1.9,0.5,5.1,6.6,32.8,,105,103
77,Terry Duerod\duerote01,SG,23,DET,67,,1331,9.5,20.1,.472,0.5,1.8,.283,9.0,18.3,.490,1.5,2.2,.682,1.0,2.3,3.3,3.9,1.4,0.4,2.7,3.4,21.0,,100,113
78,Mike Dunleavy\dunlemi01,PG,25,HOU,51,,1036,6.8,14.6,.464,0.1,0.9,.150,6.6,13.7,.485,5.1,6.1,.828,1.2,3.4,4.6,9.6,1.8,0.2,5.0,5.5,18.8,,104,110
79,T.R. Dunn\dunntr01,SG,24,POR,82,,1841,6.3,14.6,.436,0.0,0.1,.000,6.3,14.5,.438,2.2,2.9,.757,3.5,5.1,8.6,3.9,2.7,0.8,2.4,3.8,14.9,,102,103
80,James Edwards\edwarja01,C,24,IND,82,,2314,10.5,20.5,.512,0.0,0.0,.000,10.5,20.5,.512,4.6,6.7,.681,3.6,7.9,11.5,2.5,1.1,2.1,2.6,6.4,25.6,,112,105
81,Bob Elliott\elliobo01,PF,24,NJN,54,,722,6.3,14.3,.443,0.1,0.3,.250,6.3,14.0,.446,6.5,9.5,.684,4.2,7.4,11.6,3.3,1.8,0.9,5.5,6.1,19.2,,94,102
82,Bo Ellis\ellisbo02,PF,25,DEN,48,,502,5.6,12.5,.449,0.0,0.3,.000,5.6,12.2,.459,3.7,4.9,.755,4.7,6.0,10.7,2.8,0.9,2.2,2.2,6.2,14.9,,109,108
83,Len Elmore\elmorle01,C,27,KCK,58,,915,5.3,12.3,.430,0.0,0.0,,5.3,12.3,.430,2.6,3.8,.689,3.8,9.3,13.1,3.3,2.1,2.0,3.4,7.8,13.2,,93,97
84,Alex English*\englial01,SF,26,TOT,78,,2401,10.6,21.3,.497,0.0,0.1,.333,10.6,21.2,.498,4.0,5.1,.789,5.2,6.4,11.6,4.3,1.4,1.2,4.1,4.0,25.3,,106,107
84,Alex English*\englial01,SF,26,IND,54,,1526,10.4,20.7,.504,0.0,0.1,.000,10.4,20.6,.507,3.4,4.2,.814,5.0,6.4,11.4,4.3,1.4,1.0,3.7,3.9,24.3,,108,107
84,Alex English*\englial01,SF,26,DEN,24,,875,10.9,22.5,.485,0.1,0.2,.667,10.8,22.4,.483,5.1,6.7,.762,5.4,6.5,11.9,4.3,1.5,1.5,4.8,4.1,27.0,,104,107
85,Julius Erving*\ervinju01,SF,29,PHI,78,,2812,13.9,26.7,.519,0.1,0.3,.200,13.8,26.4,.523,7.0,8.8,.787,3.6,6.0,9.5,5.9,2.8,2.3,4.7,3.4,34.8,,111,99
86,Earl Evans\evansea01,PF,24,DET,36,,381,7.4,16.5,.450,0.8,2.1,.389,6.6,14.3,.459,2.8,4.9,.571,3.1,5.8,8.8,4.4,1.6,0.1,4.2,7.5,18.5,,95,110
87,Mike Evans\evansmi01,SG,24,SAS,79,,1246,7.3,16.3,.448,0.4,1.5,.286,6.9,14.9,.464,2.0,3.0,.682,1.0,2.7,3.8,8.1,2.1,0.3,4.5,6.8,17.1,,94,110
88,Eric Fernsten\fernser01,PF,26,BOS,56,0,431,7.7,16.6,.464,0.0,0.0,,7.7,16.6,.464,3.6,5.6,.635,4.3,6.1,10.4,3.0,1.8,1.3,2.2,4.7,19.0,,108,101
89,Chris Ford\fordch01,SG,31,BOS,73,73,2115,7.3,15.7,.465,1.5,3.6,.427,5.7,12.1,.477,1.9,2.5,.754,1.7,2.3,4.0,4.8,2.5,0.6,2.3,3.9,18.0,,111,104
90,Don Ford\forddo01,SF,27,TOT,73,,999,6.0,12.6,.478,0.0,0.1,.333,6.0,12.4,.480,2.1,2.4,.849,2.0,6.5,8.5,3.0,1.0,1.0,2.3,6.0,14.1,,104,106
90,Don Ford\forddo01,SF,27,LAL,52,,580,5.2,10.3,.508,0.0,0.1,.000,5.2,10.3,.512,1.8,2.2,.821,1.8,6.0,7.8,2.9,0.9,1.2,2.4,6.8,12.3,,105,106
90,Don Ford\forddo01,SF,27,CLE,21,,419,7.0,15.6,.451,0.1,0.2,.500,6.9,15.4,.451,2.4,2.7,.880,2.3,7.2,9.4,3.1,1.2,0.7,2.3,4.9,16.6,,103,106
91,Phil Ford\fordph01,PG,23,KCK,82,,2621,8.7,18.8,.462,0.1,0.4,.174,8.6,18.4,.469,6.1,7.5,.818,0.5,2.5,3.1,10.8,2.4,0.1,5.0,3.7,23.6,,104,103
92,Walt Frazier*\fraziwa01,PG,34,CLE,3,,27,6.7,18.5,.364,0.0,1.7,.000,6.7,16.8,.400,3.4,3.4,1.000,1.7,3.4,5.0,13.5,3.4,1.7,6.7,3.4,16.8,,87,104
93,World B. Free\freewo01,SG,26,SDC,68,,2585,13.5,28.5,.474,0.2,0.5,.360,13.3,28.0,.476,10.5,13.9,.753,2.4,2.0,4.4,5.2,1.5,0.6,4.2,3.6,37.6,,112,113
94,Terry Furlow\furlote01,SG,25,TOT,76,,2122,9.9,21.4,.464,0.6,1.9,.293,9.4,19.5,.481,4.0,4.5,.872,1.6,2.9,4.5,6.8,1.7,0.5,3.8,2.3,24.4,,104,111
94,Terry Furlow\furlote01,SG,25,ATL,21,,404,7.9,19.3,.410,0.1,1.1,.111,7.8,18.3,.428,5.3,6.1,.863,2.8,2.3,5.0,8.7,2.3,1.1,4.1,2.3,21.3,,104,104
94,Terry Furlow\furlote01,SG,25,UTA,55,,1718,10.4,21.9,.476,0.7,2.1,.315,9.8,19.8,.493,3.6,4.2,.876,1.3,3.0,4.4,6.3,1.5,0.4,3.7,2.3,25.1,,104,113
95,Mike Gale\galemi01,PG,29,SAS,67,,1474,5.1,11.2,.454,0.1,0.4,.154,5.0,10.8,.464,2.9,3.6,.808,1.0,3.5,4.5,9.3,3.7,0.4,3.4,4.0,13.1,,104,107
96,Gary Garland\garlaga01,PG,22,DEN,78,,1106,6.5,14.9,.435,0.3,0.8,.316,6.2,14.1,.442,0.8,1.1,.692,2.1,3.7,5.8,6.1,2.3,0.2,3.0,3.3,13.9,,95,109
97,Gus Gerard\gerargu01,SF,26,KCK,73,,869,8.5,18.6,.457,0.1,0.2,.333,8.5,18.5,.458,3.5,5.4,.660,4.1,5.4,9.5,2.3,2.2,1.4,2.6,5.1,20.6,,101,100
98,George Gervin*\gervige01,SG,27,SAS,78,,2934,15.3,29.0,.528,0.5,1.5,.314,14.8,27.5,.540,7.5,8.9,.852,2.3,3.7,6.0,3.0,1.6,1.2,3.8,3.1,38.6,,115,110
99,John Gianelli\gianejo01,C,29,UTA,17,,285,4.0,11.4,.348,0.0,0.0,,4.0,11.4,.348,1.6,2.8,.563,2.4,8.3,10.7,2.9,1.0,1.2,3.8,4.5,9.5,,75,110
100,Artis Gilmore*\gilmoar01,C,30,CHI,48,,1568,9.2,15.4,.595,0.0,0.0,,9.2,15.4,.595,7.4,10.3,.712,3.2,9.7,13.0,4.0,0.9,1.8,4.0,5.0,25.7,,117,105
101,Jack Givens\givenja01,SF,23,ATL,82,,1254,7.0,18.3,.385,0.0,0.1,.000,7.0,18.2,.386,4.1,5.0,.828,4.4,5.0,9.4,2.3,2.0,0.7,2.3,5.1,18.2,,101,103
102,Mike Glenn\glennmi01,SG,24,NYK,75,,800,10.6,20.5,.516,0.1,0.6,.200,10.5,19.9,.525,3.5,4.1,.863,1.2,2.5,3.7,4.8,2.0,0.4,2.1,4.5,24.8,,115,110
103,Glen Gondrezick\gondrgl01,SF,24,DEN,59,,1020,6.7,13.0,.517,0.1,0.3,.333,6.6,12.7,.521,4.2,5.5,.760,4.8,6.9,11.7,3.7,3.1,0.7,2.6,5.4,17.7,,116,104
104,Mike Green\greenmi01,C,28,KCK,21,,459,7.0,16.1,.434,0.0,0.2,.000,7.0,15.9,.439,2.4,4.3,.571,3.5,7.9,11.4,2.8,1.3,2.1,3.6,5.6,16.4,,90,100
105,Dave Greenwood\greenda01,PF,22,CHI,82,,2791,8.4,17.7,.474,0.0,0.1,.143,8.4,17.6,.476,5.7,7.0,.810,3.8,9.3,13.1,3.1,1.0,2.2,3.5,5.3,22.5,,107,105
106,Kevin Grevey\greveke01,SF,26,WSB,65,,1818,8.5,20.7,.412,0.9,2.4,.370,7.6,18.3,.417,5.6,6.4,.867,2.1,2.8,4.8,4.6,1.4,0.4,2.6,4.1,23.5,,106,108
107,Paul Griffin\griffpa01,C,26,SAS,82,,1812,4.2,7.6,.553,0.0,0.0,,4.2,7.6,.553,4.2,5.8,.725,3.7,6.9,10.6,6.0,2.0,1.3,3.2,7.4,12.6,,116,107
108,Bob Gross\grossbo01,SF,26,POR,62,,1581,6.8,14.5,.468,0.0,0.3,.100,6.8,14.2,.476,2.9,3.5,.833,2.6,5.1,7.7,7.0,1.8,1.4,5.1,5.5,16.6,,96,104
109,Ernie Grunfeld\grunfer01,SF,24,KCK,80,,1397,6.2,14.0,.443,0.0,0.1,.500,6.2,13.9,.443,3.4,4.4,.771,2.9,4.8,7.7,3.6,1.9,0.3,2.7,5.0,15.8,,101,102
110,Roy Hamilton\hamilro01,PG,22,DET,72,,1116,4.6,11.5,.401,0.0,0.1,.000,4.6,11.4,.404,4.1,6.0,.687,1.8,2.5,4.3,7.7,1.9,0.2,4.7,3.3,13.4,,91,112
111,James Hardy\hardyja01,PF,23,UTA,76,,1600,5.7,11.2,.507,0.0,0.1,.500,5.6,11.1,.507,1.6,2.0,.773,3.8,8.5,12.3,3.2,1.4,2.7,3.2,6.4,12.9,,101,107
112,Joe Hassett\hassejo01,SG,24,IND,74,,1135,8.7,20.6,.422,2.8,8.0,.348,5.9,12.6,.469,1.0,1.2,.828,1.4,2.4,3.8,4.2,1.9,0.3,1.8,3.4,21.2,,108,110
113,Steve Hawes\hawesst01,PF,29,ATL,82,,1853,8.0,15.8,.502,0.1,0.2,.375,7.9,15.6,.504,3.9,4.8,.824,3.9,9.1,13.0,3.8,1.9,0.8,3.2,5.4,19.9,,111,100
114,Elvin Hayes*\hayesel01,PF,34,WSB,81,,3183,11.2,24.6,.454,0.0,0.2,.231,11.1,24.5,.456,4.9,7.0,.699,4.0,9.2,13.2,1.9,0.9,2.8,3.2,4.5,27.3,,101,103
115,Spencer Haywood*\haywosp01,PF,30,LAL,76,,1544,8.6,17.7,.487,0.0,0.1,.250,8.6,17.5,.489,4.7,6.2,.772,3.9,6.4,10.3,2.8,1.0,1.7,4.0,5.9,22.0,,104,105
116,Gar Heard\heardga01,PF,31,PHO,82,,1403,5.6,13.4,.417,0.0,0.1,.000,5.6,13.3,.419,2.1,2.8,.744,3.9,8.5,12.4,3.2,2.7,1.6,2.9,5.8,13.2,,95,98
117,Gerald Henderson\hendege01,PG,24,BOS,76,2,1061,8.4,16.8,.500,0.1,0.3,.333,8.3,16.6,.503,3.9,5.7,.690,1.6,2.0,3.7,6.5,2.0,0.7,4.8,4.2,20.9,,101,105
118,Tom Henderson\hendeto01,PG,28,HOU,66,,1551,4.7,9.9,.477,0.0,0.1,.000,4.7,9.8,.480,1.7,2.4,.727,1.0,2.4,3.4,8.4,1.7,0.1,3.1,3.3,11.1,,104,111
119,Johnny High\highjo01,PG,22,PHO,82,,1121,5.9,13.2,.446,0.0,0.3,.143,5.8,12.9,.453,4.9,7.3,.674,2.8,4.2,7.1,4.9,2.9,0.6,5.0,7.0,16.7,,93,102
120,Armond Hill\hillar01,PG,26,ATL,79,,2092,4.1,10.0,.411,0.0,0.1,.250,4.1,9.9,.412,2.9,3.4,.849,0.7,2.5,3.2,9.8,2.5,0.2,4.0,6.1,11.1,,97,104
121,Darnell Hillman\hillmda01,PF,30,GSW,49,,708,5.5,12.1,.458,0.0,0.0,,5.5,12.1,.458,2.3,4.6,.500,4.0,8.2,12.1,3.2,1.4,1.6,4.0,8.6,13.4,,90,105
122,Brad Holland\hollabr01,SG,23,LAL,38,,197,10.3,24.3,.423,0.7,3.5,.200,9.6,20.8,.461,3.5,3.7,.938,0.9,3.0,4.0,5.2,3.5,0.2,3.0,5.6,24.8,,100,104
123,Lionel Hollins\hollili01,SG-PG,26,TOT,47,,1209,8.3,20.6,.403,0.1,0.8,.150,8.2,19.8,.413,4.0,5.5,.721,1.1,2.3,3.5,6.3,3.0,0.4,5.0,4.0,20.7,,89,103
123,Lionel Hollins\hollili01,PG,26,POR,20,,413,9.7,25.1,.385,0.1,1.2,.100,9.6,23.9,.399,4.0,6.2,.642,0.6,1.8,2.4,5.9,3.5,0.1,7.1,4.1,23.5,,80,104
123,Lionel Hollins\hollili01,SG,26,PHI,27,,796,7.6,18.3,.415,0.1,0.6,.200,7.5,17.7,.422,3.9,5.1,.770,1.4,2.6,4.0,6.6,2.7,0.5,4.0,4.0,19.3,,95,103
124,Phil Hubbard\hubbaph01,PF,23,DET,64,,1189,7.9,17.0,.466,0.0,0.1,.000,7.9,16.9,.468,6.2,8.3,.750,4.3,7.8,12.1,2.6,1.8,0.4,4.5,7.6,22.0,,101,108
125,Kim Hughes\hugheki01,C,27,DEN,70,,1208,3.9,7.7,.505,0.0,0.0,,3.9,7.7,.505,0.6,1.6,.366,4.8,7.7,12.5,2.8,2.5,2.9,1.9,7.0,8.4,,105,103
126,Geoff Huston\hustoge01,PG,22,NYK,71,,923,4.6,11.8,.390,0.1,0.8,.176,4.4,10.9,.406,1.4,1.9,.737,0.7,2.1,2.8,7.8,1.9,0.2,3.6,4.1,10.7,,89,111
127,Dan Issel*\isselda01,C,31,DEN,82,,2938,11.2,22.3,.505,0.1,0.2,.333,11.2,22.1,.506,8.1,10.5,.775,3.7,7.6,11.3,3.1,1.4,0.8,2.6,3.0,30.7,,118,107
128,Phil Jackson*\jacksph01,PF,34,NJN,16,,194,6.8,10.7,.630,0.0,0.5,.000,6.8,10.3,.659,1.6,2.3,.700,2.8,2.8,5.6,2.8,1.2,0.9,2.1,8.2,15.2,,119,107
129,Abdul Jeelani\jeelaab01,SF,25,POR,77,,1286,10.9,21.4,.510,0.0,0.2,.000,10.9,21.2,.515,6.1,7.7,.789,4.3,5.9,10.2,3.6,1.5,1.5,4.4,5.9,27.9,,109,104
130,Cheese Johnson\johnsch02,SF,22,GSW,9,,53,10.8,27.0,.400,0.0,0.0,,10.8,27.0,.400,2.7,4.5,.600,5.4,7.2,12.6,1.8,0.9,0.0,3.6,9.9,24.3,,88,108
131,Clemon Johnson\johnscl01,C,23,IND,79,,1541,5.9,11.8,.503,0.0,0.0,,5.9,11.8,.503,2.2,3.5,.632,4.3,7.4,11.7,3.4,1.4,3.6,2.3,6.3,14.1,,109,104
132,Dennis Johnson*\johnsde01,SG,25,SEA,81,,2937,9.2,21.8,.422,0.2,0.9,.207,9.0,20.9,.431,6.1,7.8,.780,2.8,3.9,6.6,5.3,2.3,1.3,3.6,4.3,24.7,,104,102
133,Eddie Johnson\johnsed02,SG,24,ATL,79,,2622,10.9,22.4,.487,0.1,0.2,.385,10.8,22.2,.488,5.2,6.3,.828,1.8,1.9,3.7,6.9,2.2,0.4,3.5,4.0,27.1,,111,105
134,George Johnson\johnsge02,C,31,NJN,81,,2119,5.3,11.6,.457,0.0,0.0,.000,5.3,11.6,.458,1.9,2.7,.706,4.1,8.8,12.9,3.7,1.1,5.5,4.3,6.7,12.5,,90,99
135,George Johnson\johnsge03,PF,23,DEN,75,,1938,7.4,15.5,.476,0.0,0.2,.222,7.3,15.3,.480,3.5,4.5,.783,4.5,9.4,13.9,3.7,2.0,1.6,3.5,6.2,18.3,,104,104
136,John Johnson\johnsjo01,SF,32,SEA,81,,2533,7.0,14.4,.488,0.0,0.0,,7.0,14.4,.488,3.0,3.7,.801,3.0,4.9,7.9,7.9,1.4,0.7,4.6,4.0,17.0,,103,103
137,Magic Johnson*\johnsma02,SG,20,LAL,77,,2795,8.3,15.7,.530,0.1,0.5,.226,8.2,15.1,.540,6.2,7.6,.810,2.7,7.1,9.8,9.3,3.1,0.7,5.0,3.6,22.9,,113,101
138,Marques Johnson\johnsma01,SF,23,MIL,77,,2686,12.0,22.1,.544,0.0,0.2,.222,12.0,21.9,.546,5.1,6.4,.791,3.8,6.1,9.9,4.8,1.7,1.2,3.2,3.0,29.2,,118,103
139,Mickey Johnson\johnsmi01,PF,27,IND,82,,2647,10.2,22.1,.463,0.1,0.6,.156,10.1,21.5,.471,6.7,8.4,.799,4.5,7.3,11.8,6.0,2.7,1.9,5.0,5.1,27.2,,106,103
140,Ollie Johnson\johnsol01,SF,30,CHI,79,,1535,8.0,16.2,.497,0.0,0.3,.091,8.0,15.8,.506,2.5,2.9,.882,1.5,3.5,5.0,4.9,1.8,0.7,2.9,5.1,18.6,,105,108
141,Vinnie Johnson\johnsvi01,SG,23,SEA,38,,325,6.5,16.7,.391,0.0,0.1,.000,6.5,16.5,.395,4.5,5.7,.795,2.8,5.2,8.0,7.8,2.8,0.6,6.1,5.8,17.6,,89,100
142,Bobby Jones\jonesbo01,PF,28,PHI,81,,2125,8.7,16.4,.532,0.0,0.1,.000,8.7,16.3,.534,5.6,7.2,.781,3.3,6.5,9.9,3.2,2.2,2.6,3.2,4.9,23.1,,114,99
143,Caldwell Jones\jonesca01,C,29,PHI,80,,2771,3.9,8.9,.436,0.0,0.0,.000,3.9,8.9,.438,2.1,3.0,.697,3.7,12.3,16.0,2.8,0.7,2.7,3.7,5.0,9.9,,90,98
144,Dwight Jones\jonesdw01,PF,27,TOT,74,,1448,8.4,16.5,.508,0.0,0.0,,8.4,16.5,.508,4.8,6.6,.726,3.7,8.3,12.0,3.3,0.9,1.4,4.0,6.7,21.5,,105,106
144,Dwight Jones\jonesdw01,PF,27,HOU,21,,278,8.5,20.3,.420,0.0,0.0,,8.5,20.3,.420,4.6,6.1,.750,5.3,7.0,12.3,1.9,0.7,0.9,3.4,8.2,21.7,,100,109
144,Dwight Jones\jonesdw01,PF,27,CHI,53,,1170,8.3,15.6,.535,0.0,0.0,,8.3,15.6,.535,4.8,6.6,.721,3.3,8.6,11.9,3.6,1.0,1.5,4.1,6.4,21.5,,106,106
145,Major Jones\jonesma01,PF,26,HOU,82,,1545,5.8,12.0,.480,0.0,0.1,.333,5.7,11.9,.481,1.9,3.3,.565,4.5,7.2,11.7,2.1,1.5,2.1,3.4,5.7,13.5,,96,106
146,Eddie Jordan\jordaed01,PG,25,NJN,82,,2657,7.4,17.3,.430,0.2,0.8,.250,7.2,16.5,.439,3.4,4.4,.779,1.1,3.5,4.6,9.5,3.8,0.5,4.4,4.1,18.5,,97,101
147,Jeff Judkins\judkije01,SF,23,BOS,65,0,674,9.6,19.2,.504,0.8,1.9,.407,8.9,17.3,.514,4.3,5.3,.816,2.2,2.4,4.6,3.3,2.0,0.3,3.4,6.3,24.4,,110,104
148,Rich Kelley\kelleri01,C,26,TOT,80,,1839,5.6,11.9,.473,0.0,0.1,.000,5.6,11.9,.476,6.0,7.6,.787,4.9,7.8,12.7,4.4,1.9,2.4,4.9,6.7,17.3,,103,100
148,Rich Kelley\kelleri01,C,26,NJN,57,,1466,5.7,12.3,.466,0.0,0.1,.000,5.7,12.2,.470,6.1,7.7,.788,4.8,7.4,12.3,4.0,1.5,2.4,4.7,6.6,17.6,,103,101
148,Rich Kelley\kelleri01,C,26,PHO,23,,373,5.3,10.4,.506,0.0,0.0,,5.3,10.4,.506,5.8,7.4,.783,5.4,9.1,14.5,6.1,3.4,2.1,5.6,7.1,16.3,,104,96
149,Greg Kelser\kelsegr01,SF,22,DET,50,,1233,10.2,21.5,.472,0.1,0.5,.200,10.1,21.0,.479,5.3,7.4,.719,4.5,5.5,10.0,3.9,2.2,1.2,5.1,6.4,25.8,,100,108
150,Larry Kenon\kenonla01,PF,27,SAS,78,,2798,10.1,20.9,.485,0.0,0.1,.111,10.1,20.7,.488,4.2,5.4,.783,4.0,8.1,12.1,3.6,1.7,0.3,3.6,3.0,24.5,,106,108
151,Irv Kiffin\kiffiir01,SF,28,SAS,26,,212,6.6,19.9,.333,0.0,0.0,,6.6,19.9,.333,3.7,5.2,.720,2.5,5.8,8.3,3.9,2.1,0.4,6.2,8.9,17.0,,74,108
152,Carl Kilpatrick\kilpaca01,C,23,UTA,2,,6,8.2,16.4,.500,0.0,0.0,,8.2,16.4,.500,8.2,16.4,.500,8.2,24.6,32.8,0.0,0.0,0.0,0.0,8.2,24.6,,122,102
153,Bernard King*\kingbe01,SF,23,UTA,19,,419,8.3,16.1,.518,0.0,0.0,,8.3,16.1,.518,4.0,7.4,.540,2.8,7.5,10.3,6.1,0.8,0.5,5.9,7.7,20.7,,94,111
154,Reggie King\kingre01,PF,22,KCK,82,,2052,5.8,11.3,.515,0.0,0.0,.000,5.8,11.3,.516,3.6,5.0,.726,4.2,8.7,12.8,2.4,1.6,0.7,2.3,5.2,15.3,,113,100
155,Billy Knight\knighbi01,SF,27,IND,75,,1910,9.3,17.4,.533,0.1,0.4,.267,9.2,17.0,.539,5.1,6.3,.809,3.3,5.4,8.7,3.7,2.0,0.2,3.2,2.3,23.7,,116,107
156,Toby Knight\knighto01,SF,24,NYK,81,,2945,10.2,19.4,.529,0.0,0.0,.000,10.2,19.3,.530,3.2,4.0,.808,3.1,4.5,7.5,2.3,1.8,1.3,2.5,4.6,23.7,,113,108
157,Arvid Kramer\kramear01,C,23,DEN,8,,45,7.2,22.6,.318,0.0,0.0,,7.2,22.6,.318,2.1,2.1,1.000,6.2,6.2,12.3,3.1,0.0,5.1,5.1,8.2,16.4,,77,107
158,Joel Kramer\kramejo01,C,24,PHO,54,,711,4.3,9.2,.469,0.0,0.1,.000,4.3,9.1,.472,3.6,4.5,.800,3.2,6.6,9.7,4.8,1.7,0.3,3.3,6.7,12.2,,105,103
159,John Kuester\kuestjo01,PG,24,IND,24,,100,5.5,15.6,.353,0.0,0.5,.000,5.5,15.2,.364,2.3,3.2,.714,1.4,5.1,6.4,7.4,3.2,0.5,2.3,3.7,13.3,,94,105
160,Kevin Kunnert\kunneke01,C,28,POR,18,,302,8.1,18.4,.439,0.0,0.0,,8.1,18.4,.439,4.2,6.9,.605,6.0,12.1,18.1,4.7,1.1,3.5,6.6,9.5,20.3,,89,99
161,Mitch Kupchak\kupchmi01,PF,25,WSB,40,,451,6.9,16.6,.419,0.0,0.2,.000,6.9,16.4,.424,5.4,7.8,.693,3.3,7.6,10.9,1.7,0.8,0.8,4.1,5.1,19.3,,92,106
162,Sam Lacey\laceysa01,C,31,KCK,81,,2412,5.8,13.1,.448,0.0,0.0,.000,5.8,13.0,.448,2.6,3.6,.741,3.3,9.1,12.4,8.9,2.1,2.1,4.1,5.9,14.3,,100,97
163,Tom LaGarde\lagarto01,C,24,SEA,82,,1164,5.9,12.4,.477,0.0,0.0,,5.9,12.4,.477,3.6,5.5,.657,5.1,7.5,12.6,3.7,0.8,1.4,3.9,8.3,15.5,,101,102
164,John Lambert\lambejo01,PF,27,CLE,74,,1324,5.7,13.7,.413,0.0,0.1,.000,5.7,13.6,.416,2.5,3.5,.723,4.7,7.3,12.1,1.9,1.6,1.4,2.2,7.0,13.8,,100,105
165,Mark Landsberger\landsma01,C,24,TOT,77,,1510,7.7,15.0,.516,0.0,0.0,,7.7,15.0,.516,3.6,6.9,.523,7.0,12.0,19.0,1.4,1.0,0.7,3.1,4.3,19.1,,106,104
165,Mark Landsberger\landsma01,C,24,CHI,54,,1136,7.6,14.4,.529,0.0,0.0,,7.6,14.4,.529,3.6,6.9,.524,6.5,12.2,18.7,1.3,1.0,0.7,3.1,4.7,18.8,,106,104
165,Mark Landsberger\landsma01,C,24,LAL,23,,374,8.1,16.9,.482,0.0,0.0,,8.1,16.9,.482,3.6,6.9,.518,8.5,11.6,20.1,1.7,1.2,0.6,3.1,3.3,19.9,,106,102
166,Bob Lanier*\laniebo01,C,31,TOT,63,,2131,9.9,18.5,.537,0.0,0.1,.167,9.9,18.4,.540,5.9,7.6,.782,3.2,8.5,11.8,3.9,1.6,1.9,3.5,4.3,25.8,,115,105
166,Bob Lanier*\laniebo01,C,31,DET,37,,1392,10.3,18.8,.546,0.0,0.2,.000,10.3,18.6,.551,5.3,6.8,.781,3.5,8.5,12.0,3.9,1.2,1.9,3.6,4.2,25.8,,114,107
166,Bob Lanier*\laniebo01,C,31,MIL,26,,739,9.3,17.9,.519,0.1,0.1,1.000,9.3,17.9,.518,7.2,9.1,.785,2.8,8.6,11.3,3.9,2.3,1.8,3.1,4.4,25.9,,117,99
167,Allen Leavell\leaveal01,PG,22,HOU,77,,2123,7.4,14.7,.503,0.1,0.4,.158,7.3,14.2,.513,4.0,4.9,.814,1.3,2.8,4.1,9.3,2.8,0.6,4.6,4.4,18.8,,107,108
168,Butch Lee\leebu01,PG,23,TOT,14,,55,5.0,20.0,.250,0.0,0.0,,5.0,20.0,.250,5.0,6.7,.750,5.8,3.3,9.2,10.0,0.8,0.0,8.3,1.7,15.0,,75,110
168,Butch Lee\leebu01,PG,23,CLE,3,,24,3.8,20.8,.182,0.0,0.0,,3.8,20.8,.182,0.0,1.9,.000,5.7,0.0,5.7,5.7,0.0,0.0,5.7,0.0,7.6,,53,115
168,Butch Lee\leebu01,PG,23,LAL,11,,31,6.0,19.3,.308,0.0,0.0,,6.0,19.3,.308,8.9,10.4,.857,6.0,6.0,11.9,13.4,1.5,0.0,10.4,3.0,20.8,,87,106
169,Ron Lee\leero01,PG,27,TOT,61,,1167,4.4,12.0,.370,0.9,2.3,.373,3.6,9.7,.370,1.7,2.8,.629,1.6,3.3,4.8,9.5,3.9,0.7,4.0,6.8,11.5,,93,105
169,Ron Lee\leero01,PG,27,ATL,30,,364,3.9,12.1,.319,0.0,0.4,.000,3.9,11.7,.330,1.2,2.3,.529,1.5,2.9,4.4,8.9,2.0,0.5,4.4,8.7,8.9,,78,105
169,Ron Lee\leero01,PG,27,DET,31,,803,4.7,11.9,.393,1.2,3.1,.393,3.5,8.8,.392,2.0,3.0,.660,1.6,3.4,5.0,9.7,4.7,0.7,3.8,6.0,12.6,,99,105
170,John Long\longjo01,SG,23,DET,69,,2364,11.1,22.1,.505,0.0,0.2,.083,11.1,21.8,.510,3.0,3.7,.825,2.9,3.5,6.4,3.9,2.4,0.5,3.9,4.2,25.3,,104,110
171,John Lucas\lucasjo01,PG,26,GSW,80,,2763,6.7,14.3,.467,0.2,0.7,.286,6.5,13.6,.477,3.8,5.0,.768,1.1,2.7,3.8,10.4,2.4,0.1,3.2,3.4,17.5,,110,108
172,Maurice Lucas\lucasma01,PF,27,TOT,63,,1884,9.3,20.4,.456,0.1,0.2,.222,9.3,20.2,.459,4.5,6.0,.749,3.6,9.9,13.5,5.2,1.1,1.6,5.5,5.6,23.2,,96,102
172,Maurice Lucas\lucasma01,PF,27,POR,41,,1176,10.1,22.9,.440,0.1,0.2,.400,10.0,22.7,.441,4.1,5.7,.730,3.5,9.9,13.5,5.2,1.0,1.4,6.1,5.8,24.3,,92,103
172,Maurice Lucas\lucasma01,PF,27,NJN,22,,708,8.2,16.7,.490,0.0,0.3,.000,8.2,16.4,.498,5.1,6.5,.775,3.7,9.8,13.6,5.3,1.2,1.7,4.5,5.2,21.4,,104,101
173,Ollie Mack\mackol01,SG,22,TOT,50,,681,6.7,13.7,.492,0.0,0.3,.000,6.7,13.4,.505,2.6,3.5,.745,2.2,2.7,4.9,3.6,1.7,0.2,2.4,3.4,16.1,,106,109
173,Ollie Mack\mackol01,SG,22,LAL,27,,155,6.2,14.9,.420,0.0,0.3,.000,6.2,14.6,.429,2.7,5.4,.500,2.1,4.5,6.5,6.0,1.2,0.0,2.7,4.8,15.2,,97,107
173,Ollie Mack\mackol01,SG,22,CHI,23,,526,6.9,13.4,.517,0.0,0.4,.000,6.9,13.0,.531,2.6,3.0,.879,2.2,2.2,4.4,3.0,1.8,0.3,2.3,3.0,16.4,,109,110
174,Moses Malone*\malonmo01,C,24,HOU,82,,3140,11.8,23.4,.502,0.0,0.1,.000,11.8,23.3,.504,8.5,11.8,.719,8.7,9.3,18.0,2.2,1.2,1.6,4.5,3.2,32.0,,114,106
175,Steve Malovic\malovst01,PF,23,TOT,39,,445,3.2,7.0,.463,0.0,0.0,,3.2,7.0,.463,1.9,2.8,.667,3.8,5.2,9.0,2.7,0.8,0.6,2.4,5.3,8.3,,102,112
175,Steve Malovic\malovst01,PF,23,WSB,1,,6,0.0,0.0,,0.0,0.0,,0.0,0.0,,7.8,31.2,.250,0.0,0.0,0.0,0.0,7.8,0.0,0.0,0.0,7.8,,60,98
175,Steve Malovic\malovst01,PF,23,SDC,28,,277,3.9,7.2,.548,0.0,0.0,,3.9,7.2,.548,1.2,1.5,.778,4.6,5.3,9.9,2.1,0.9,0.2,2.4,6.0,9.1,,110,112
175,Steve Malovic\malovst01,PF,23,DET,10,,162,2.2,6.9,.320,0.0,0.0,,2.2,6.9,.320,2.8,3.9,.714,2.5,5.3,7.7,3.9,0.6,1.4,2.5,4.4,7.2,,90,111
176,Pete Maravich*\maravpe01,SG,32,TOT,43,4,964,12.2,27.1,.449,0.5,0.7,.667,11.7,26.3,.443,4.5,5.2,.867,0.8,3.0,3.9,4.1,1.2,0.3,4.1,3.9,29.4,,98,110
176,Pete Maravich*\maravpe01,SG,32,UTA,17,,522,11.4,27.7,.412,0.7,1.0,.636,10.7,26.7,.403,3.9,4.7,.820,0.7,3.1,3.8,5.1,1.4,0.4,4.2,2.8,27.3,,91,113
176,Pete Maravich*\maravpe01,SG,32,BOS,26,4,442,13.0,26.3,.494,0.3,0.4,.750,12.7,25.9,.490,5.3,5.8,.909,1.1,3.0,4.0,3.1,1.0,0.2,3.9,5.2,31.6,,106,106
177,Cedric Maxwell\maxwece01,SF,24,BOS,80,80,2744,7.8,12.8,.609,0.0,0.0,,7.8,12.8,.609,7.4,9.4,.787,4.8,7.2,12.0,3.4,1.3,1.0,3.9,4.5,23.0,,124,102
178,Scott May\maysc01,SF,25,CHI,54,,1298,9.6,21.3,.450,0.0,0.1,.000,9.6,21.2,.453,5.2,6.2,.837,2.8,5.1,7.9,3.8,1.6,0.2,2.8,4.6,24.4,,106,108
179,Bob McAdoo*\mcadobo01,PF,28,DET,58,,2097,10.5,21.9,.480,0.1,0.5,.125,10.4,21.4,.489,5.0,6.9,.730,2.1,7.8,10.0,4.3,1.6,1.4,5.1,3.8,26.1,,98,108
180,Jim McElroy\mcelrji01,PG,26,TOT,67,,1528,6.9,15.9,.433,0.2,0.6,.238,6.7,15.2,.441,4.0,5.2,.767,1.0,2.0,3.0,6.8,1.4,0.6,3.9,3.7,17.9,,98,111
180,Jim McElroy\mcelrji01,PG,26,DET,36,,1012,7.2,15.8,.455,0.1,0.6,.214,7.0,15.1,.465,4.2,5.3,.798,0.5,1.7,2.2,7.2,1.1,0.6,3.9,3.5,18.7,,101,114
180,Jim McElroy\mcelrji01,PG,26,ATL,31,,516,6.2,16.1,.386,0.2,0.7,.286,6.0,15.4,.390,3.5,5.0,.698,1.9,2.7,4.6,6.1,2.0,0.5,4.0,4.2,16.1,,91,105
181,George McGinnis*\mcginge01,PF,29,TOT,73,,2208,8.4,18.5,.451,0.0,0.3,.133,8.3,18.2,.457,5.6,10.2,.553,4.6,10.0,14.6,7.0,2.1,0.5,5.9,6.3,22.4,,95,104
181,George McGinnis*\mcginge01,PF,29,DEN,45,,1424,8.7,18.9,.459,0.0,0.2,.143,8.7,18.7,.463,5.4,10.0,.541,4.3,10.6,15.0,7.2,2.2,0.6,6.1,6.1,22.8,,94,104
181,George McGinnis*\mcginge01,PF,29,IND,28,,784,7.7,17.7,.437,0.1,0.5,.125,7.7,17.2,.446,6.1,10.6,.575,5.2,8.7,13.9,6.6,1.9,0.4,5.5,6.8,21.6,,97,104
182,Billy McKinney\mckinbi01,PG,24,KCK,76,,1333,7.2,16.0,.449,0.0,0.3,.100,7.2,15.7,.457,3.7,4.6,.805,0.7,2.3,3.0,8.7,2.0,0.2,3.1,3.0,18.1,,104,104
183,Tom McMillen\mcmilto01,C,27,ATL,53,,1071,8.7,17.3,.500,0.0,0.0,.000,8.7,17.3,.501,3.7,4.8,.757,3.2,6.8,10.0,2.8,1.6,0.6,2.9,5.7,21.0,,108,102
184,John Mengelt\mengejo01,SG,30,CHI,36,,387,11.0,20.2,.542,0.0,0.7,.000,11.0,19.5,.563,4.7,6.0,.796,0.4,2.4,2.8,4.6,1.2,0.0,4.4,6.6,26.7,,105,111
185,Joe Meriweather\meriwjo01,PF,26,NYK,65,,1565,7.3,13.7,.528,0.0,0.0,.000,7.3,13.7,.529,2.2,3.5,.645,3.5,6.6,10.1,1.9,1.1,3.5,3.2,6.9,16.8,,102,107
186,Dave Meyers\meyerda01,PF,26,MIL,79,,2204,8.5,17.6,.481,0.0,0.1,.200,8.5,17.5,.482,3.3,5.2,.634,3.0,6.5,9.5,4.8,1.5,0.9,3.9,4.6,20.3,,101,103
187,Mike Mitchell\mitchmi01,SF,24,CLE,82,,2802,12.6,24.0,.523,0.0,0.1,.000,12.6,23.9,.525,4.4,5.6,.787,3.3,6.2,9.6,1.5,1.1,1.2,2.8,4.2,29.5,,112,107
188,Steve Mix\mixst01,SF,32,PHI,81,,1543,11.0,21.2,.516,0.1,0.3,.400,10.8,20.9,.518,6.3,7.5,.831,3.4,5.3,8.8,4.5,2.0,0.3,4.0,3.4,28.3,,112,102
189,Paul Mokeski\mokespa01,C,23,HOU,12,,113,4.6,13.9,.333,0.0,0.0,,4.6,13.9,.333,2.9,3.8,.778,5.9,6.3,12.2,0.8,0.4,2.5,4.2,10.1,12.2,,83,109
190,Sidney Moncrief\moncrsi01,SG,22,MIL,77,,1557,6.3,13.6,.468,0.0,0.0,.000,6.3,13.5,.469,7.0,8.8,.795,4.6,5.5,10.2,4.0,2.2,0.5,3.5,3.2,19.7,,113,103
191,Eric Money\moneyer01,SG-PG,24,TOT,61,,1549,7.9,15.8,.500,0.0,0.0,,7.9,15.8,.500,2.4,3.1,.783,0.9,2.1,3.0,7.4,1.5,0.3,4.5,4.2,18.2,,99,112
191,Eric Money\moneyer01,PG,24,PHI,6,,82,8.0,20.5,.389,0.0,0.0,,8.0,20.5,.389,1.1,1.1,1.000,1.7,2.3,4.0,9.1,0.0,0.6,6.8,6.3,17.0,,80,108
191,Eric Money\moneyer01,SG,24,DET,55,,1467,7.9,15.6,.508,0.0,0.0,,7.9,15.6,.508,2.5,3.2,.779,0.9,2.1,3.0,7.3,1.6,0.3,4.4,4.1,18.3,,100,112
192,Earl Monroe*\monroea01,SG,35,NYK,51,,633,11.5,25.1,.457,0.0,0.0,,11.5,25.1,.457,4.0,4.6,.875,1.1,1.4,2.6,4.8,1.5,0.2,2.0,3.3,26.9,,108,112
193,Calvin Murphy*\murphca01,SG,31,HOU,76,,2676,11.1,22.5,.493,0.0,0.4,.040,11.0,22.0,.502,4.8,5.4,.897,1.2,1.5,2.7,5.3,2.5,0.2,2.9,4.8,27.0,,114,110
194,Swen Nater\natersw01,C,30,SDC,81,,2860,7.3,13.2,.554,0.0,0.0,.000,7.3,13.2,.556,3.2,4.5,.718,5.8,14.3,20.1,3.9,0.7,0.6,4.3,4.3,17.9,,109,106
195,Calvin Natt\nattca01,SF,23,TOT,78,,2857,10.1,21.0,.479,0.0,0.1,.333,10.0,20.8,.480,4.9,6.8,.730,3.9,7.3,11.2,2.7,1.6,0.5,3.2,3.3,25.1,,106,103
195,Calvin Natt\nattca01,SF,23,NJN,53,,2046,9.3,19.4,.479,0.0,0.1,.200,9.3,19.3,.481,4.4,6.2,.711,3.8,7.5,11.3,2.5,1.7,0.5,2.9,3.3,23.0,,105,103
195,Calvin Natt\nattca01,SF,23,POR,25,,811,12.1,25.2,.480,0.1,0.2,.500,11.9,24.9,.480,6.4,8.3,.770,4.0,6.7,10.7,3.4,1.4,0.7,3.9,3.4,30.7,,108,105
196,Mike Newlin\newlimi01,SG,31,NJN,78,,2510,11.0,24.0,.460,0.8,2.7,.296,10.2,21.2,.481,6.6,7.5,.884,1.8,2.9,4.8,5.7,2.1,0.1,4.2,3.5,29.5,,107,106
197,Norm Nixon\nixonno01,PG,24,LAL,82,,3226,8.9,17.3,.516,0.0,0.1,.125,8.9,17.2,.519,2.8,3.6,.779,0.7,2.5,3.3,9.2,2.1,0.2,4.1,3.4,20.7,,107,107
198,Sylvester Norris\norrisy01,C,22,SAS,17,,189,4.2,10.0,.419,0.0,0.0,,4.2,10.0,.419,0.9,1.4,.667,2.3,7.7,10.0,1.4,0.7,2.8,4.4,9.5,9.3,,74,108
199,Mark Olberding\olberma01,SF,23,SAS,75,,2111,6.0,12.6,.478,0.0,0.1,.000,6.0,12.6,.480,4.4,5.5,.795,1.7,7.0,8.7,6.8,1.4,0.5,3.7,5.7,16.5,,105,109
200,John Olive\olivejo01,SF,24,SDC,1,,15,0.0,6.3,.000,0.0,0.0,,0.0,6.3,.000,0.0,0.0,,0.0,3.2,3.2,0.0,0.0,0.0,6.3,6.3,0.0,,0,115
201,Tom Owens\owensto01,C,30,POR,76,,2337,10.8,21.0,.514,0.0,0.0,.500,10.8,21.0,.514,4.4,5.9,.753,3.9,8.0,11.9,4.0,0.9,1.1,3.6,5.6,26.0,,110,104
202,Robert Parish*\parisro01,C,26,GSW,72,,2119,11.5,22.7,.507,0.0,0.0,.000,11.5,22.7,.507,4.6,6.4,.715,5.6,12.1,17.6,2.7,1.3,2.6,5.1,5.6,27.6,,101,102
203,Sonny Parker\parkeso01,SF,24,GSW,82,,2849,8.1,16.6,.489,0.0,0.0,.000,8.1,16.5,.490,4.0,5.1,.785,2.8,5.0,7.8,4.3,2.9,0.5,2.7,3.3,20.2,,109,105
204,Billy Paultz\paultbi01,C,31,TOT,84,,2193,6.8,13.9,.486,0.0,0.0,.000,6.8,13.9,.487,2.3,3.8,.599,3.9,8.3,12.1,3.9,1.4,1.7,2.4,4.4,15.8,,107,107
204,Billy Paultz\paultbi01,C,31,SAS,47,,1213,6.8,13.8,.496,0.0,0.0,.000,6.8,13.7,.497,2.4,3.6,.660,3.4,8.2,11.6,4.3,1.7,1.6,2.1,4.6,16.0,,111,107
204,Billy Paultz\paultbi01,C,31,HOU,37,,980,6.7,14.1,.473,0.0,0.0,,6.7,14.1,.473,2.1,4.0,.524,4.5,8.4,12.8,3.4,1.1,1.9,2.8,4.2,15.4,,103,107
205,Jim Paxson\paxsoji02,SG,22,POR,72,,1270,7.2,17.6,.411,0.0,0.8,.045,7.2,16.8,.429,2.5,3.5,.711,1.0,3.2,4.2,5.5,1.8,0.2,3.6,3.7,17.0,,91,107
206,Wiley Peck\peckwi01,SF,22,SAS,52,,628,5.1,11.8,.432,0.0,0.1,.000,5.1,11.7,.437,2.4,3.8,.618,4.6,8.2,12.8,2.3,1.2,1.6,3.4,7.0,12.6,,94,108
207,Sam Pellom\pellosa01,PF,28,ATL,44,,373,5.7,14.1,.407,0.0,0.0,,5.7,14.1,.407,2.7,3.9,.700,3.6,8.3,12.0,2.3,1.6,1.6,2.3,9.1,14.2,,98,101
208,Roger Phegley\pheglro01,SG,23,TOT,78,,1512,10.7,22.4,.477,0.1,0.3,.444,10.6,22.1,.478,5.4,6.2,.872,2.3,3.4,5.7,3.1,1.0,0.2,3.6,4.8,26.9,,104,108
208,Roger Phegley\pheglro01,SG,23,WSB,50,,971,10.8,22.8,.474,0.1,0.2,.400,10.7,22.5,.474,5.0,5.8,.867,2.4,3.2,5.5,3.4,0.9,0.1,3.4,5.1,26.7,,105,109
208,Roger Phegley\pheglro01,SG,23,NJN,28,,541,10.5,21.8,.485,0.2,0.3,.500,10.4,21.4,.484,6.1,6.9,.880,2.2,3.7,5.9,2.7,1.3,0.3,4.1,4.4,27.4,,104,106
209,Stan Pietkiewicz\pietkst01,PG,23,SDC,50,,577,7.5,14.7,.508,0.7,3.0,.250,6.7,11.7,.573,3.0,3.8,.804,2.1,1.6,3.7,7.7,2.1,0.3,4.2,4.3,18.7,,110,112
210,Ben Poquette\poquebe01,C,24,UTA,82,,2349,6.2,11.9,.523,0.0,0.0,.000,6.2,11.8,.525,2.9,3.5,.832,2.6,9.1,11.7,2.7,0.9,3.4,2.2,5.9,15.3,,112,107
211,Kevin Porter\porteke01,PG,29,WSB,70,,1494,6.3,13.7,.459,0.0,0.1,.000,6.3,13.6,.463,3.4,4.3,.803,0.8,1.8,2.6,14.3,1.8,0.3,5.1,5.6,16.0,,101,108
212,Clifford Ray\raycl01,C,31,GSW,81,,1683,5.8,10.9,.530,0.0,0.1,.000,5.8,10.8,.533,2.4,4.2,.564,3.5,9.8,13.2,5.2,1.4,0.9,4.4,7.5,13.9,,97,104
213,Marlon Redmond\redmoma01,SG,24,KCK,24,,298,9.2,21.5,.428,0.0,1.4,.000,9.2,20.1,.457,3.7,5.3,.706,2.8,5.3,8.1,3.0,0.6,1.4,3.0,4.2,22.2,,96,104
214,Robert Reid\reidro01,SF,24,HOU,76,,2304,8.6,17.7,.487,0.0,0.1,.000,8.6,17.7,.488,3.2,4.3,.736,2.9,6.2,9.1,5.0,2.7,1.2,3.4,5.8,20.4,,106,105
215,Kevin Restani\restake01,SF,28,SAS,82,,1966,8.2,16.2,.508,0.1,0.6,.172,8.1,15.6,.521,2.9,3.6,.814,3.2,5.4,8.6,4.2,1.2,0.3,2.9,4.1,19.5,,110,111
216,Clint Richardson\richacl01,SG,23,PHI,52,,988,7.5,16.4,.457,0.0,0.1,.333,7.5,16.3,.458,1.3,2.1,.622,2.6,3.2,5.8,5.0,1.1,0.7,3.0,4.6,16.4,,97,105
217,Micheal Ray Richardson\richami01,SG,24,NYK,82,,3060,7.4,15.7,.472,0.4,1.6,.245,7.0,14.0,.498,3.3,5.0,.660,2.2,5.7,7.9,12.3,3.9,0.5,5.3,3.8,18.5,,103,104
218,Anthony Roberts\roberan01,SF,24,DEN,23,,486,6.6,17.2,.381,0.0,0.1,.000,6.6,17.1,.383,3.7,5.7,.650,5.1,5.2,10.4,1.9,1.2,0.3,2.7,4.9,16.8,,94,110
219,Rick Robey\robeyri01,C,24,BOS,82,27,1918,9.2,17.7,.521,0.0,0.0,.000,9.2,17.7,.522,4.5,6.6,.684,5.1,7.8,12.9,2.2,1.3,0.4,3.7,6.0,23.0,,109,102
220,Cliff Robinson\robincl01,PF,19,NJN,70,,1661,10.7,22.7,.469,0.0,0.1,.250,10.6,22.6,.470,4.6,6.6,.694,4.7,9.0,13.8,2.7,1.7,0.9,3.7,4.9,25.9,,101,101
221,Jackie Robinson\robinja01,SF,24,DET,7,,51,7.9,14.9,.529,0.0,0.9,.000,7.9,14.1,.563,7.9,9.7,.818,2.6,1.8,4.4,0.0,2.6,2.6,1.8,7.0,23.7,,125,109
222,Truck Robinson\robintr01,PF,28,PHO,82,,2710,9.2,18.0,.512,0.0,0.0,,9.2,18.0,.512,5.5,8.2,.667,3.6,9.4,13.0,2.4,1.0,1.0,4.2,4.4,23.9,,102,102
223,Bill Robinzine\robinbi01,PF,27,KCK,81,,1917,8.8,17.5,.501,0.0,0.0,.500,8.8,17.5,.501,4.9,6.6,.730,4.5,8.3,12.8,1.5,2.6,0.6,3.6,7.5,22.4,,105,98
224,Dave Robisch\robisda01,C,30,CLE,82,,2670,8.3,16.0,.520,0.0,0.1,.000,8.3,15.9,.522,4.7,5.6,.842,3.8,7.4,11.2,3.3,0.9,0.9,2.3,3.6,21.4,,119,107
225,John Roche\rochejo01,PG,30,DEN,82,,2286,7.2,15.0,.478,1.0,2.6,.380,6.2,12.4,.498,3.5,4.1,.866,0.5,1.8,2.3,8.2,1.7,0.2,3.2,2.8,18.8,,111,111
226,Tree Rollins\rollitr01,C,24,ATL,82,,2123,6.6,11.8,.558,0.0,0.0,,6.6,11.8,.558,3.6,5.0,.714,6.5,11.2,17.7,1.7,1.2,5.6,2.3,7.4,16.7,,121,96
227,Dan Roundfield\roundda01,PF,26,ATL,81,,2588,9.4,18.9,.499,0.0,0.1,.000,9.4,18.8,.500,6.2,8.7,.710,5.5,10.2,15.7,3.5,1.9,2.6,4.4,5.9,25.0,,108,98
228,Campy Russell\russeca02,SF,28,CLE,41,,1331,9.7,21.5,.451,0.0,0.3,.111,9.7,21.2,.456,6.1,8.2,.745,2.6,5.1,7.7,5.9,2.5,0.7,5.1,3.9,25.5,,99,105
229,Alvin Scott\scottal01,SF,24,PHO,79,,1303,4.5,10.6,.422,0.0,0.1,.333,4.4,10.5,.423,3.3,4.3,.779,3.1,4.9,8.0,3.4,1.7,1.9,3.2,3.5,12.3,,97,103
230,Charlie Scott\scottch01,SG,31,DEN,69,,1860,6.9,17.1,.401,0.0,0.3,.182,6.8,16.8,.405,2.1,2.9,.720,1.3,2.9,4.1,6.2,1.2,0.6,4.0,4.9,15.9,,87,111
231,Lonnie Shelton\sheltlo01,PF,24,SEA,76,,2243,8.9,16.9,.530,0.0,0.1,.200,8.9,16.8,.532,3.9,5.1,.763,4.2,8.1,12.2,3.0,1.9,1.7,3.6,6.1,21.8,,110,99
232,Purvis Short\shortpu01,SF,22,GSW,62,,1636,13.5,26.7,.503,0.0,0.2,.000,13.5,26.6,.507,3.9,4.8,.812,3.5,5.8,9.2,3.6,1.8,0.3,3.6,5.4,30.8,,106,107
233,John Shumate\shumajo01,PF,27,TOT,65,,1337,6.9,13.2,.528,0.0,0.0,.000,6.9,13.1,.529,5.5,7.2,.764,3.6,8.6,12.2,2.8,1.3,1.5,3.1,4.2,19.4,,114,107
233,John Shumate\shumajo01,PF,27,DET,9,,228,6.9,12.8,.538,0.0,0.0,,6.9,12.8,.538,3.3,4.9,.680,3.5,10.2,13.8,1.8,1.8,1.0,2.8,3.1,17.1,,109,106
233,John Shumate\shumajo01,PF,27,HOU,29,,332,4.9,9.1,.531,0.0,0.0,,4.9,9.1,.531,4.7,6.3,.750,3.6,7.7,11.3,3.3,1.1,1.3,3.9,5.6,14.4,,107,107
233,John Shumate\shumajo01,PF,27,SAS,27,,777,7.8,14.8,.525,0.0,0.1,.000,7.8,14.8,.527,6.5,8.3,.782,3.7,8.4,12.1,2.9,1.3,1.7,2.8,4.0,22.1,,118,107
234,Jack Sikma\sikmaja01,C,24,SEA,82,,2793,7.9,16.7,.475,0.0,0.0,.000,7.9,16.7,.476,4.0,4.9,.805,3.3,12.0,15.3,4.7,1.1,1.3,3.4,3.9,19.8,,107,98
235,James Silas\silasja01,PG,30,SAS,77,,2293,9.8,19.1,.514,0.0,0.1,.000,9.8,19.0,.516,6.5,7.3,.887,0.9,2.3,3.2,6.6,1.2,0.3,3.7,3.9,26.1,,114,113
236,Paul Silas\silaspa01,PF,36,SEA,82,,1595,3.3,8.8,.378,0.0,0.0,,3.3,8.8,.378,2.6,4.0,.654,6.0,6.9,12.9,2.0,0.7,0.1,2.5,3.5,9.3,,99,104
237,Ralph Simpson\simpsra01,SG,30,NJN,8,,81,10.1,26.3,.383,0.0,1.1,.000,10.1,25.1,.400,2.8,5.6,.500,3.4,2.8,6.1,7.8,5.0,0.0,6.7,1.7,22.9,,81,100
238,Al Skinner\skinnal01,SG,27,PHI,2,,10,4.7,9.3,.500,0.0,0.0,,4.7,9.3,.500,0.0,0.0,,0.0,0.0,0.0,9.3,0.0,0.0,9.3,4.7,9.3,,65,111
239,Bingo Smith\smithbi02,SF-SG,33,TOT,78,,2123,8.6,19.8,.432,0.5,1.8,.284,8.1,18.0,.447,2.2,2.6,.870,2.1,3.7,5.8,2.2,1.4,0.4,1.8,4.6,19.9,,103,112
239,Bingo Smith\smithbi02,SG,33,CLE,8,,135,11.1,24.2,.458,0.3,1.7,.200,10.8,22.5,.478,2.4,2.7,.875,0.7,4.0,4.7,2.4,1.0,0.7,3.0,7.1,24.9,,97,109
239,Bingo Smith\smithbi02,SF,33,SDC,70,,1988,8.4,19.5,.430,0.5,1.8,.289,7.9,17.7,.444,2.2,2.5,.869,2.2,3.6,5.8,2.2,1.4,0.4,1.7,4.5,19.5,,104,112
240,Phil Smith\smithph01,SG,27,GSW,51,,1552,10.0,21.1,.474,0.2,0.7,.318,9.8,20.4,.480,4.2,5.3,.789,0.9,3.6,4.5,5.8,1.9,0.5,3.7,4.7,24.4,,102,108
241,Randy Smith\smithra01,SG,31,CLE,82,,2677,10.2,22.5,.452,0.2,0.9,.189,10.0,21.6,.463,4.0,4.8,.823,1.6,2.8,4.3,6.2,2.1,0.1,3.4,3.2,24.5,,103,108
242,Robert Smith\smithro01,PG,24,TOT,65,,809,6.6,15.2,.439,0.5,1.5,.308,6.2,13.7,.453,4.5,5.2,.870,1.1,3.3,4.5,5.2,1.5,0.2,3.0,5.9,18.3,,105,107
242,Robert Smith\smithro01,PG,24,UTA,6,,73,3.4,10.1,.333,0.0,0.0,,3.4,10.1,.333,3.4,3.4,1.000,2.0,0.0,2.0,4.7,2.7,0.0,0.7,2.0,10.1,,111,113
242,Robert Smith\smithro01,PG,24,NJN,59,,736,6.9,15.6,.445,0.5,1.6,.308,6.5,14.0,.461,4.6,5.3,.862,1.0,3.6,4.7,5.2,1.4,0.2,3.2,6.3,19.0,,104,106
243,Sam Smith\smithsa02,SF,25,CHI,30,,496,9.2,21.9,.422,0.8,3.3,.229,8.5,18.5,.456,5.4,6.0,.905,2.1,3.0,5.1,4.0,2.4,0.7,3.1,5.1,24.6,,103,107
244,Willie Smith\smithwi02,PG,26,CLE,62,,1051,5.2,13.6,.384,0.7,3.1,.239,4.5,10.5,.426,1.7,2.2,.769,2.4,2.8,5.2,11.2,3.2,0.0,4.1,4.8,12.9,,97,106
245,Ricky Sobers\soberri01,PG,27,CHI,82,,2673,8.3,17.7,.469,0.4,1.2,.309,7.9,16.5,.481,3.5,4.2,.837,1.3,2.9,4.3,7.5,2.4,0.3,5.0,5.2,20.5,,98,108
246,Jim Spanarkel\spanaji01,SG,22,PHI,40,,442,7.6,16.1,.471,0.0,0.2,.000,7.6,15.9,.477,5.7,6.9,.831,2.8,2.8,5.7,5.4,1.3,0.6,6.0,6.1,20.9,,97,105
247,Larry Steele\steella01,SF,30,POR,16,,446,6.8,15.9,.425,0.0,0.4,.000,6.8,15.5,.437,2.4,2.9,.815,1.4,3.5,4.9,7.3,2.7,0.1,3.6,5.8,15.9,,97,105
248,Earl Tatum\tatumea01,SG,26,CLE,33,,225,7.3,19.0,.383,0.4,1.2,.333,6.9,17.8,.386,2.2,3.8,.579,2.2,3.0,5.3,4.0,3.2,1.0,3.4,5.9,17.2,,87,105
249,Brian Taylor\taylobr01,PG,28,SDC,78,,2754,7.2,15.4,.467,1.5,4.1,.377,5.6,11.3,.500,2.2,2.8,.802,1.3,1.9,3.2,5.8,2.5,0.4,2.4,4.2,18.2,,114,111
250,Reggie Theus\theusre01,SG,22,CHI,82,,3029,8.8,18.2,.483,0.4,1.6,.267,8.4,16.6,.504,7.8,9.3,.838,2.2,2.9,5.1,8.0,1.8,0.3,5.4,4.1,25.8,,108,109
251,David Thompson*\thompda01,SG,25,DEN,39,,1239,10.8,23.0,.468,0.3,0.7,.368,10.5,22.3,.472,9.5,12.5,.758,2.1,4.4,6.5,4.6,1.5,1.4,4.3,4.0,31.3,,108,109
252,Rudy Tomjanovich\tomjaru01,PF,31,HOU,62,,1834,9.6,20.1,.476,0.6,2.0,.278,9.0,18.1,.498,3.1,3.8,.803,3.4,5.8,9.3,2.8,0.8,0.3,2.5,4.2,22.8,,110,110
253,Bernard Toone\toonebe01,PF,23,PHI,23,,124,8.6,24.1,.359,0.4,2.6,.143,8.3,21.4,.386,3.0,3.8,.800,4.5,8.3,12.8,4.5,1.5,1.9,6.0,7.5,20.7,,82,100
254,Raymond Townsend\townsra01,SG,24,GSW,75,,1159,7.0,17.3,.406,0.2,1.1,.154,6.9,16.3,.423,2.5,3.5,.714,1.4,2.3,3.7,4.8,2.5,0.2,2.7,4.7,16.7,,93,108
255,Dave Twardzik\twardda01,PG,29,POR,67,,1594,5.6,12.0,.464,0.1,0.2,.571,5.5,11.8,.463,6.0,7.7,.782,1.6,3.2,4.8,8.3,2.4,0.0,4.0,4.6,17.3,,109,106
256,Terry Tyler\tylerte01,SF,23,DET,82,,2670,7.2,15.5,.465,0.0,0.2,.167,7.2,15.3,.469,2.4,3.1,.765,3.8,6.7,10.5,2.2,1.8,3.7,2.9,4.0,16.9,,100,106
257,Wes Unseld*\unselwe01,C,33,WSB,82,,2973,5.1,10.0,.513,0.0,0.0,.500,5.1,10.0,.513,2.2,3.3,.665,5.3,12.0,17.2,5.8,1.0,1.0,2.4,3.9,12.5,,114,103
258,Jan van Breda Kolff\vanbrja01,SF,28,NJN,82,,2399,4.0,8.6,.463,0.1,0.4,.350,3.9,8.3,.468,2.5,2.9,.839,1.9,6.2,8.1,4.7,1.9,1.4,3.0,5.8,10.6,,100,102
259,Andre Wakefield\wakefan01,SG,25,UTA,8,,47,6.3,15.7,.400,0.0,0.0,,6.3,15.7,.400,3.1,3.1,1.000,0.0,4.2,4.2,3.1,1.0,0.0,8.4,13.6,15.7,,67,113
260,Foots Walker\walkefo01,PG,28,CLE,76,,2422,4.8,10.7,.454,0.0,0.2,.111,4.8,10.5,.460,3.7,4.6,.802,1.5,3.9,5.4,11.4,2.9,0.2,2.9,3.8,13.4,,113,106
261,Wally Walker\walkewa01,SF,25,SEA,70,,844,7.8,15.3,.507,0.0,0.0,,7.8,15.3,.507,2.7,3.6,.750,3.6,5.9,9.5,3.0,1.2,0.2,2.8,5.7,18.2,,108,103
262,Bill Walton*\waltobi01,C,27,SDC,14,,337,11.4,22.6,.503,0.0,0.0,,11.4,22.6,.503,4.5,7.6,.593,3.9,13.8,17.7,4.8,1.1,5.3,5.2,5.2,27.3,,101,101
263,Lloyd Walton\waltoll01,PG,26,MIL,76,,1243,4.1,9.1,.455,0.0,0.1,.333,4.1,9.0,.456,1.8,2.7,.690,1.2,2.2,3.4,10.7,1.6,0.1,4.2,2.6,10.2,,98,107
264,Kermit Washington\washike01,PF,28,POR,80,,2657,7.7,13.9,.553,0.0,0.1,.000,7.7,13.9,.555,4.2,6.6,.642,6.0,9.5,15.4,3.1,1.3,2.4,3.1,5.6,19.7,,115,102
265,Richard Washington\washiri01,PF,24,MIL,75,,1092,8.5,18.1,.468,0.0,0.0,,8.5,18.1,.468,2.0,3.3,.605,4.1,7.8,11.8,2.4,1.1,2.1,2.7,7.1,18.9,,101,102
266,Nick Weatherspoon\weathni01,SF,29,SDC,57,,1124,6.9,15.9,.434,0.0,0.0,,6.9,15.9,.434,2.7,3.8,.692,3.5,5.3,8.8,2.3,1.4,0.7,3.6,5.7,16.5,,93,110
267,Marvin Webster\webstma01,C,27,NYK,20,,298,5.7,12.0,.481,0.0,0.0,,5.7,12.0,.481,1.8,2.4,.750,4.2,7.9,12.1,1.4,0.5,1.7,3.0,5.9,13.3,,99,108
268,Scott Wedman\wedmasc01,SF,27,KCK,68,,2347,11.3,22.0,.512,0.1,0.4,.318,11.1,21.6,.516,2.9,3.6,.801,2.3,5.4,7.6,2.9,1.7,0.9,2.2,4.6,25.6,,109,102
269,Paul Westphal\westppa01,SG,29,PHO,82,,2665,11.9,22.6,.525,0.4,1.6,.280,11.4,21.0,.544,6.6,7.6,.862,0.8,2.4,3.2,7.1,2.0,0.6,3.6,2.8,30.8,,116,105
270,Jo Jo White*\whitejo01,PG,33,GSW,78,,2052,7.8,16.4,.476,0.0,0.1,.167,7.8,16.3,.479,2.3,2.7,.851,1.0,3.2,4.2,5.6,2.0,0.3,3.7,4.3,17.9,,97,108
271,Rudy White\whiteru01,SG,26,HOU,9,,106,5.8,10.7,.542,0.0,0.0,,5.8,10.7,.542,4.5,5.8,.769,0.0,4.0,4.0,2.2,2.2,0.0,3.6,3.6,16.1,,103,109
272,Jerome Whitehead\whiteje01,C,23,TOT,50,,553,5.1,10.0,.509,0.0,0.0,,5.1,10.0,.509,0.9,3.1,.286,4.9,9.7,14.6,2.1,0.7,1.5,3.2,8.5,11.0,,94,108
272,Jerome Whitehead\whiteje01,C,23,SDC,18,,225,5.7,9.5,.600,0.0,0.0,,5.7,9.5,.600,1.1,3.8,.278,6.1,8.6,14.7,1.3,0.2,1.3,1.7,6.7,12.4,,115,110
272,Jerome Whitehead\whiteje01,C,23,UTA,32,,328,4.6,10.3,.449,0.0,0.0,,4.6,10.3,.449,0.7,2.5,.294,4.0,10.5,14.5,2.7,1.0,1.6,4.2,9.7,10.0,,81,107
273,Sidney Wicks\wickssi01,PF,30,SDC,71,,2146,4.6,10.9,.423,0.0,0.0,.000,4.6,10.9,.424,1.8,3.4,.546,3.0,6.0,9.0,4.7,1.7,1.1,3.7,5.3,11.1,,90,109
274,Bob Wilkerson\wilkebo01,SF,25,DEN,75,,2381,8.3,20.0,.417,0.1,0.7,.206,8.2,19.3,.425,3.2,4.3,.748,1.6,4.5,6.1,4.7,1.8,0.5,3.7,3.8,20.0,,93,109
275,Jamaal Wilkes*\wilkeja01,SF,26,LAL,82,,3111,10.8,20.1,.535,0.0,0.3,.176,10.7,19.9,.539,2.8,3.5,.808,2.6,5.2,7.8,3.7,1.9,0.4,2.3,3.3,24.4,,115,105
276,Duck Williams\willidu01,PG,23,UTA,77,,1794,6.4,14.2,.447,0.0,0.3,.000,6.4,13.9,.458,1.2,1.6,.700,0.6,2.3,2.9,5.0,2.7,0.3,2.9,4.6,13.9,,91,111
277,Freeman Williams\willifr01,SG,23,SDC,82,,2118,14.4,30.0,.480,0.9,2.9,.328,13.5,27.2,.496,4.3,5.3,.815,2.3,2.0,4.3,3.7,1.6,0.2,3.8,3.2,34.1,,107,113
278,Gus Williams\willigu01,PG,26,SEA,82,,2969,11.7,24.3,.482,0.1,0.6,.194,11.6,23.8,.489,5.3,6.7,.788,2.0,2.4,4.4,6.3,3.2,0.6,2.9,2.5,28.8,,113,102
279,Ray Williams\willira01,PG,25,NYK,82,,2582,12.0,24.2,.496,0.1,0.6,.189,11.9,23.5,.505,5.8,7.4,.787,2.6,4.6,7.2,8.9,2.9,0.4,4.5,5.2,29.9,,111,107
280,Sly Williams\willisl01,SF,22,NYK,57,,556,8.4,21.6,.390,0.0,0.3,.000,8.4,21.3,.395,4.7,7.3,.644,5.3,4.5,9.8,2.9,1.5,0.6,4.0,5.9,21.6,,92,109
281,John Williamson\willijo01,SG,28,TOT,58,,1374,12.0,27.3,.439,0.4,1.2,.314,11.6,26.1,.445,3.9,4.6,.841,1.3,2.0,3.3,4.2,1.2,0.6,3.1,4.6,28.2,,99,108
281,John Williamson\willijo01,SG,28,NJN,28,,771,12.1,27.1,.447,0.5,1.1,.421,11.6,25.9,.448,4.5,5.2,.864,1.4,1.8,3.2,5.1,1.5,0.5,2.5,4.2,29.1,,105,107
281,John Williamson\willijo01,SG,28,WSB,30,,603,11.9,27.6,.430,0.2,1.2,.188,11.6,26.4,.441,3.1,3.9,.800,1.1,2.4,3.5,3.0,0.8,0.8,3.8,5.1,27.1,,91,110
282,Bill Willoughby\willobi01,SF,22,CLE,78,,1447,6.9,14.3,.479,0.0,0.3,.111,6.8,14.1,.487,3.0,4.0,.756,3.8,6.5,10.3,2.3,1.0,1.9,2.1,5.9,16.8,,109,106
283,Bubba Wilson\wilsobu01,SG,24,GSW,16,,143,2.3,8.3,.280,0.0,0.0,,2.3,8.3,.280,1.0,2.0,.500,2.0,3.3,5.3,4.0,0.7,0.0,2.7,3.7,5.7,,72,111
284,Rick Wilson\wilsori01,SG,23,ATL,5,,59,1.6,11.5,.143,0.0,0.0,,1.6,11.5,.143,3.3,4.9,.667,1.6,0.8,2.5,9.1,3.3,0.8,6.6,2.5,6.6,,59,104
285,Brian Winters\wintebr01,SG,27,MIL,80,,2623,9.6,19.9,.479,0.7,1.8,.373,8.9,18.1,.490,3.3,3.8,.860,0.9,3.1,4.0,6.5,1.8,0.5,3.3,3.7,23.1,,108,106
286,Larry Wright\wrighla01,PG,25,WSB,76,,1286,8.3,18.2,.458,0.1,0.6,.250,8.2,17.6,.465,3.5,3.9,.889,1.5,3.0,4.4,8.1,1.8,0.7,3.9,5.2,20.3,,102,107
287,Tony Zeno\zenoto01,SF,22,IND,8,,59,4.7,16.4,.286,0.0,0.0,,4.7,16.4,.286,1.6,1.6,1.000,2.3,8.6,10.9,0.8,3.1,2.3,7.0,10.1,10.9,,55,100